tv_id,episode_id,name,description
2,298,Phoenix,"Walt and Skyler have a baby girl. Now that Jesse is hooked on heroin, Walt refuses to give him his money until he gets clean. Meanwhile, as an excuse for his money, Walt decides to donate the money to himself through his son's new website."
2,299,ABQ,"Walt's lies have pushed Skyler to her limit. She leaves with the kids. Meanwhile, Jesse blames himself for Jane's death and goes into rehab."
2,300,No Mas,Skyler goes through with her plans to divorce Walt. Jesse finishes rehab.
2,301,Caballo sin Nombre,"Walter, Jr. is having a rough time accepting his parents' separation. Jesse buys his old house from his parents. Meanwhile, two mysterious men have come into town looking for Walt."
2,302,I.F.T.,"Walt has moved back into the house without Skyler's consent. Now she can't get him out. Meanwhile, Jesse continues to cope with Jane's death."
2,303,Green Light,"Walt's world crumbles even more after finding out that Skyler is cheating on him. Jesse tries to set up a meeting with Gus to try and sell his own version of the blue meth. Meanwhile, Hank is growing obsessed with finding Heisenberg."
2,304,Mas,Gus tries to get Walt back in the business by offering him three million dollars and a brand new lab. Jesse is furious that Walt received half of the money for his blue meth. Hank tries to track down the RV meth lab.
2,305,Sunset,"Heisenberg's organized and practical assistant Gale greatly aids his work in Gus's lab. Hank finally tracks the RV back to Jesse, as a concerned Walt finds any way to erase the evidence."
2,306,One Minute,"Jesse ends up in the hospital after getting beaten up by Hank. Now he is threatening to press charges against the DEA. To stop him, Walt decides to bring Jesse on as his partner, once again."
2,307,I See You,Hank ends up in the hospital after being attacked by Tuco's cousins. Walt spends too much time by his family's side when he should be cooking meth.
2,308,Kafkaesque,"Skyler hatches a plan as Hank's hospital bills stack up. Meanwhile, Walt and Gus come to a better understanding as Jesse, looking for more independence, pursues a new opportunity."
2,309,Fly,There is a fly loose in the lab. Walt and Jesse must do whatever they can to kill it before it contaminates the meth.
2,310,Abiquiu,"Skyler gets more involved in Walt's business, much to his chagrin, as Hank struggles with his recovery. Meanwhile, Jesse takes an active role in his new enterprise, leading him to a startling discovery."
2,311,Half Measures,"Against Walt's advice, Jesse lashes out. Fearing for Jesse's safety, Walt takes drastic action to intervene. Meanwhile a tragic event leads to a shocking confrontation."
2,312,Full Measure,Jesse has disappeared and Walt is in big trouble with Gus. So Gus rehires Gale to learn from Walt's cooking so that they can dispose of Walt once and for all.
2,313,Box Cutter,"Walt and Jesse are held captive for Gus, after Gale's death. Meanwhile, Skyler tries to find out what happened to Walt."
2,314,Thirty-Eight Snub,"Walt attempts to form a new alliance as he plans his next move. Meanwhile Skyler pushes Walt towards a business opportunity, in hopes of protecting the family."
2,315,Open House,"While Walt worries about Gus's interference and Jesse's increasingly fragile state of mind, Skyler steps up the pressure to get what she wants."
2,316,Bullet Points,"As Skyler concocts an elaborate story to explain the Whites' finances, a worried Walt discovers that Hank has begun a new investigation."
2,317,Shotgun,"Jesse rides shotgun with Mike on a perilous run of pickups, prompting Walt to worry that his partner is about to be killed."
2,318,Cornered,"Skyler adopts an aloof approach when she suspects that Walt isn't telling her the truth. Meanwhile, Jesse proves his worth to Mike and Gus."
2,319,Problem Dog,"Skyler looks to continue her family's trend of appearing poverty-stricken by forcing Walt to return the car he bought. A concerned Walt chauffeurs Hank to Los Pollos Hermanos, and the articulate yet immobile DEA agent collects prints."
2,320,Hermanos,"When Hank produces evidence that Gus is Albuquerque's crystal meth kingpin, Walt worries that he and Jesse will be killed to protect their boss."
2,321,Bug,"While Walt tries to subvert Hank's probe into the Albuquerque meth scene, a deadly warning forces Gus to consider a deal with the cartel."
2,322,Salud,"Jesse, Gus, and Mike fly down to Mexico, and Jesse cooks the blue meth for the cartel. Walt misses his son's 16th birthday after his fight with Jesse."
2,323,Crawl Space,"Hank asks Walt to drive him to the laundry where the meth lab is hidden. Ted still won't pay the IRS so Skyler asks Saul for help, and Saul sends in his A-Team. Gus and Jesse return from Mexico, and Walt fears he is in trouble with Gus."
2,324,End Times,"The DEA is putting Hank and his family in protective custody; however, Walt refuses and awaits his fate in his house. Meanwhile, Brock has fallen terribly ill and Jesse suspects Walt may be behind it."
2,325,Face Off,"Jesse is brought to the FBI for questioning on his knowledge of ricin. In a last effort to kill Gus, Walt must ask for help from an old enemy."
2,326,Live Free or Die,"Now that Gus is dead, Walt, Jesse, and Mike work to cover their tracks. Skyler panics when Ted Beneke wakes up."
2,327,Madrigal,Walt and Jesse seek out an unlikely partner for a new business venture. The DEA follows up new leads in its investigation.
2,328,Hazard Pay,The guys put a business plan into action; Walt confesses to Marie.
2,329,Fifty-One,It's Walt's 51st birthday. His return to the drug business causes Skyler to go into depression.
2,330,Dead Freight,"Walter White's domestic life continues to deteriorate; at the same time, his growing business venture aims to steal a train car chock full of methylamine."
2,331,Buyout,"In the aftermath of the train heist, Jesse and Mike decide to quit the business, leaving Walt to handle things on his own. Mike is being followed by the DEA."
2,332,Say My Name,Mike and Jesse are out. Now Walt has to handle things on his own. Hank finally finds a rat in Mike's gang.
2,333,Gliding Over All,"Walt expands his business overseas, and the money is pouring in."
2,334,Blood Money,Walt is out of the meth business and trying to move on with his life. Jesse tries to get rid of his money. Hank now knows that Walt is the famous Heisenberg.
2,335,Buried,"Hank is determined to bring down Walt. Walt scrambles to hide evidence before Hank gets to it, and Skyler tries to stop Hank and Marie from taking away the kids."
2,336,Confessions,"Walt makes his next move against Hank, putting Hank in a tough position. Hank confronts Jesse and attempts to turn him against Walt, and Jesse decides it's time to move on. Meanwhile, Todd has taken over the business."
2,337,Rabid Dog,Walt discovers Jesse broke into his house and attempted to burn it down. Walt wants to protect his family so he moves them into a hotel for a few nights. Jesse makes plans to take down Walt.
2,338,To'hajiilee,Jesse and Hank come up with an idea to take Walt down. Walt hires Todd's uncle to kill Jesse.
2,339,Ozymandias,"Walt goes on the run. Jesse is taken hostage. Marie convinces Skyler to tell Walter, Jr. the truth."
2,340,Granite State,Walt struggles as he adapts to aspects of his new identity. Jesse plans an escape against Jack and his crew.
2,341,Felina,"Walter White makes one last attempt to secure his family's future, while also visiting some old enemies, during his final return to Albuquerque."
3,342,Pilot,TBD
3,343,The Boy in the Iceberg,TBD
3,344,The Avatar Returns,TBD
3,345,The Southern Air Temple,TBD
3,346,The Warriors of Kyoshi,TBD
3,347,The King of Omashu,TBD
3,348,Imprisoned,TBD
3,349,"The Spirit World (Winter Solstice, Part 1)",TBD
3,350,"Avatar Roku (Winter Solstice, Part 2)",TBD
3,351,The Waterbending Scroll,TBD
3,352,Jet,TBD
3,353,The Great Divide,TBD
3,354,The Storm,TBD
3,355,The Blue Spirit,TBD
3,356,The Fortuneteller,TBD
3,357,Bato of the Water Tribe,TBD
3,358,The Deserter,TBD
3,359,The Northern Air Temple,TBD
3,360,The Waterbending Master,TBD
3,361,"The Siege of the North, Part 1",TBD
3,362,"The Siege of the North, Part 2",TBD
3,363,The Avatar State,TBD
3,364,The Cave of Two Lovers,TBD
3,365,Return to Omashu,TBD
3,366,The Swamp,TBD
3,367,Avatar Day,TBD
3,368,The Blind Bandit,TBD
3,369,Zuko Alone,TBD
3,370,The Chase,TBD
3,371,Bitter Work,TBD
3,372,The Library,TBD
3,373,The Desert,TBD
3,374,The Serpent's Pass,TBD
3,375,The Drill,TBD
3,376,City of Walls and Secrets,TBD
3,377,The Tales of Ba Sing Se,TBD
3,378,Appa's Lost Days,TBD
3,379,Lake Laogai,TBD
3,380,The Earth King,TBD
3,381,The Guru,TBD
3,382,The Crossroads of Destiny,TBD
3,383,The Awakening,TBD
3,384,The Headband,TBD
3,385,The Painted Lady,TBD
3,386,Sokka's Master,TBD
3,387,The Beach,TBD
3,388,The Avatar and the Firelord,TBD
3,389,The Runaway,TBD
3,390,The Puppetmaster,TBD
3,391,Nightmares and Daydreams,TBD
3,392,"The Day of Black Sun, Part 1: The Invasion",TBD
3,393,"The Day of Black Sun, Part 2: The Eclipse",TBD
3,394,The Western Air Temple,TBD
3,395,The Firebending Masters,TBD
3,396,"The Boiling Rock, Part 1",TBD
3,397,"The Boiling Rock, Part 2",TBD
3,398,The Southern Raiders,TBD
3,399,The Ember Island Players,TBD
3,400,"Sozin's Comet, Part 1: The Phoenix King",TBD
3,401,"Sozin's Comet, Part 2: The Old Masters",TBD
3,402,"Sozin's Comet, Part 3: Into the Inferno",TBD
3,403,"Sozin's Comet, Part 4: Avatar Aang",TBD
4,404,Pilot,TBD
4,405,Lawnmower Dog,TBD
4,406,Anatomy Park,TBD
4,407,M. Night Shaym-Aliens!,TBD
4,408,Meeseeks and Destroy,TBD
4,409,Rick Potion #9,TBD
4,410,Raising Gazorpazorp,TBD
4,411,Rixty Minutes,TBD
4,412,Something Ricked This Way Comes,TBD
4,413,Close Rick-Counters of the Rick Kind,TBD
4,414,Ricksy Business,TBD
4,415,A Rickle in Time,TBD
4,416,Mortynight Run,TBD
4,417,Auto Erotic Assimilation,TBD
4,418,Total Rickall,TBD
4,419,Get Schwifty,TBD
4,420,The Ricks Must Be Crazy,TBD
4,421,Big Trouble in Little Sanchez,TBD
4,422,Interdimensional Cable 2: Tempting Fate,TBD
4,423,Look Who's Purging Now,TBD
4,424,The Wedding Squanchers,TBD
4,425,The Rickshank Rickdemption,TBD
4,426,Rickmancing the Stone,TBD
4,427,Pickle Rick (24 min),TBD
4,428,Vindicators 3: The Return of Worldender,TBD
4,429,The Whirly Dirly Conspiracy,TBD
4,430,Rest and Ricklaxation,TBD
4,431,The Ricklantis Mixup,TBD
4,432,Morty's Mind Blowers,TBD
4,433,The ABC's of Beth,TBD
4,434,The Rickchurian Mortydate,TBD
4,435,"Edge of Tomorty: Rick, Die, Rickpeat",TBD
4,436,The Old Man and the Seat,TBD
4,437,One Crew Over the Crewcoo's Morty,TBD
4,438,Claw and Hoarder: Special Ricktim's Morty,TBD
4,439,Rattlestar Ricklactica,TBD
4,440,Never Ricking Morty,TBD
4,441,Promortyus,TBD
4,442,The Vat of Acid Episode,TBD
4,443,Childrick of Mort,TBD
4,444,Star Mort Rickturn of the Jerri,TBD
4,445,Mort Dinner Rick Andre,TBD
4,446,Mortyplicity,TBD
4,447,A Rickconvenient Mort,TBD
4,448,Rickdependence Spray,TBD
4,449,Amortycan Grickfitti,TBD
4,450,Rick &amp; Morty's Thanksploitation Spectacular,TBD
4,451,Gotron Jerrysis Rickvangelion,TBD
4,452,Rickternal Friendshine of the Spotless Mort,TBD
4,453,Forgetting Sarick Mortshall,TBD
4,454,Rickmurai Jack,TBD
5,455,Pilot,"Jay must adapt to his young new wife, Gloria and her son. Meanwhile, Claire deals with her own family. Mitchell and Cam decide to adopt a baby."
5,456,The Bicycle Thief,"After buying a new bike for his son, Phil ends up lying when it gets stolen. Jay tries bonding with Manny. Cam and Mitchell begin daycare classes for Lily."
5,457,Come Fly with Me,"Jay takes Phil on a model-airplane excursion with disastrous results. While Manny is at their house, Claire must get used to the fact they are actually siblings."
5,458,The Incident,Jay's ex-wife shows up for the first time following a nasty incident at Gloria and Jay's wedding.
5,459,Coal Digger,A conflict between Manny and Luke spreads to their respective parents during a football game.
5,460,Run for Your Wife,"Claire and Phil have mixed feelings regarding the first day of school for the kids. Jay and Gloria argue about an outfit for Manny, and a minor problem with Lily gets blown out of proportion by Mitchell and Cameron."
5,461,En Garde,"The whole family comes out to support Manny's newfound interest - fencing. It turns out he's quite masterful in the sport, but Jay's proud enthusiasm triggers an old childhood wound for Mitchell. Meanwhile Phil is determined to find where Luke's hidden talents lie."
5,462,Great Expectations,"Jay has a sleepover for his grandkids, but Haley is looking for a way out. Claire tries to get a perfect anniversary gift for Phil, and Mitchell and Cameron discover that their ladyfriend is crazy and jealous of their daughter."
5,463,Fizbo,"Cameron breaks out his favorite clown costume to make Luke's birthday party a hit. However, a series of accidents causes the party to break into chaos and leads to an unfortunate injury."
5,464,Undeck the Halls,Phil and Claire cancel Christmas for their kids until they confess to wrongdoings at the house. Jay is hesitant to celebrate Gloria and Manny's holiday traditions. Mitchell and Cameron take Lily to meet Santa.
5,465,Up All Night,"Manny's dad shows up bearing extravagant gifts, Mitchell and Cameron fight over how to care for their daughter when she cries at night, and Claire tries to impress the firefighters who responded to Phil's kidney stone 911 call."
5,466,Not in My House,"Gloria plots to get rid of Jay's new ""dog butler,"" Cameron's helpful nature gets himself in trouble with Mitchell, and Claire asks Phil to punish their son for looking at nude pictures, not knowing they're Phil's."
5,467,Fifteen Percent,"Mitchell tells Jay that one of his friends is gay to teach him a lesson, Claire gets frustrated with Phil's new master remote control, and Gloria gives Manny's ""date"" a makeover to improve her self-esteem."
5,468,Moon Landing,"Claire feels like a loser when she catches up with an old friend from work, Jay and Cameron have an unpleasant ""encounter"" in a locker room, and Mitchell tries to give legal advice to Gloria after she has a wreck."
5,469,My Funky Valentine,Jay takes Gloria to see David Brenner. Mitchell and Cameron try to set Manny up on a date. Phil and Claire try to spice things up by going on a romantic getaway.
5,470,Fears,Haley confronts a terrifying driving examiner in her third attempt to pass the road test. Alex is nervous about a school dance. Gloria taunts Jay and Manny to ride a roller coaster. Phil and Luke look for treasure under the house.
5,471,Truth Be Told,"Jay accidentally kills Manny's pet turtle and lies about it, Claire becomes jealous when Phil's ex-girlfriend pays a visit, and Mitchell makes a bold decision after he misses a family day because he's called in to work."
5,472,Starry Night,"Jay and Mitchell attempt to bond while watching a meteor shower, but things don't go according to plan. Gloria and Cameron try to find something else to occupy their time. Claire and Phil try to help their kids with their school projects."
5,473,Game Changer,"Jay takes on Gloria and Manny in the ultimate chess game. Claire goes all out to find a cool new electronic gadget for Phil's birthday gift, and Cameron pokes his nose into a neighbor's affairs."
5,474,Benched,"Jay and Phil vie for the same coaching position on Manny and Luke's basketball team. Mitchell helps Cameron with a job interview, and Gloria and Claire talk about their kids growing up."
5,475,Travels with Scout,"Cameron wants to join Dylan's band. Claire is suspicious when Phil's father pays a visit, and Manny is traumatized by a horror movie."
5,476,Airport 2010,Gloria's birthday present to Jay of a trip to Hawaii becomes a vacation for the entire family.
5,477,Hawaii,"Jay's plan to relax in Hawaii are thwarted. Phil tries to make the vacation special for Claire, but this results in the kids being unsupervised. Mitchell and Cameron debate on what to see."
5,478,Family Portrait,"Claire goes through great lengths to organize a family portrait. Gloria and Phil have an awkward moment while taking Manny and Alex to a Lakers game. Cameron becomes a wedding singer, and Jay has to help Luke with a school project."
5,479,The Old Wagon,"The Dunphys get nostalgic when Phil has to get rid of their station wagon. Cameron begs Jay to intervene when Mitchell wants to build Lily a castle, and Manny invites a girl over to study."
5,480,The Kiss,"Cameron is upset with Mitchell's lack of public affection, Gloria gets back at Jay for disrespecting her Colombian traditions, and Claire goes overboard as Alex tries to get her first kiss."
5,481,Earthquake,"When an earthquake hits the area, Claire gets locked in the bathroom with a plumber, Cameron and Mitchell use it as an excuse to get out of brunch with an obnoxious friend, and Manny reevaluates the meaning of life while on a trip with Jay."
5,482,Strangers on a Treadmill,"Mitchell and Claire agree to break some embarrassing news to each other's significant others, Jay makes a fool of himself at what he thinks is a quinceanera, and Haley helps Alex try to make a popular friend."
5,483,Unplugged,"Phil, Claire, and the kids try to improve their communication skills by giving up their electronic devices. Gloria is getting obsessed over a neighbor's barking dog, and Mitchell and Cameron try to find a preschool for Lily."
5,484,Halloween,"Claire needs the family's help to run Halloween smoothly at their house. Jay and Manny have fun at Gloria's expense, and the holiday brings back painful memories for Cameron."
5,485,Chirp,"While Claire and Haley get sick at the same time, Phil wages battle against a chirping smoke detector. Manny accidentally gets one of Jay's employees fired, and Cameron wants to put Lily in a TV commercial."
5,486,Manny Get Your Gun,A birthday dinner for Manny at a family restaurant turns into a race for Phil and Claire and a chance for Cameron to socialize at a shopping mall while looking for a gift.
5,487,Mother Tucker,Jay and Manny's online diagnosis of Jay's illness makes matters worse. A visit from Cameron's mother sends Mitchell into a frenzy. Phil is more upset about Haley's breakup with Dylan than she is.
5,488,Dance Dance Revelation,"Claire is threatened when Gloria becomes her co-chair for a school dance, Jay bullies Phil into taking a stand during a trip to the mall, and Mitchell and Cameron discover that their daughter is a biter."
5,489,Slow Down Your Neighbors,"Claire tries to stop a woman from speeding in the neighborhood, which creates a business conflict for Phil. Meanwhile, Mitchell and Cameron befriend a strange new neighbor, and Gloria and Manny learn how to ride a bicycle."
5,490,"Our Children, Ourselves","Phil and Claire question their intelligence after a comment by Alex, Mitchell suspects that he fathered a child 8 years ago, and Gloria tells an embarrassing lie about Jay to cover up his rudeness to another couple."
5,491,Caught in the Act,"Phil and Claire's kids walk in on them having sex while delivering their anniversary present, Gloria tries to keep Claire from seeing an angry e-mail, and Mitchell and Cameron contemplate how to cover up a juice stain on a rug."
5,492,Bixby's Back,"Phil and Clair try to revisit an old Valentine's Day act, Jay tries to surprise Gloria with a romantic dinner, Mitchell and Cameron disagree over Mitchell's assistant's crush, and Manny gives Haley relationship advice."
5,493,Princess Party,"Dede hooks up with Claire's high school boyfriend the night before Lily's birthday party. Meanwhile, Mitchell won't let Cameron play Fizbo the Clown at the party, while Gloria self-medicates to cope with Dede."
5,494,Regrets Only,"Gloria helps Phil figure out why Claire is mad at him, Mitchell forgets to send out invitations to Cameron's fund raiser, and Alex tries to prove that Haley is lying when she says she has a job as a waitress."
5,495,Two Monkeys and a Panda,"Phil spends the day at the spa while Claire tries to replace Haley's favorite sweater, Cameron discovers Mitchell's dirty secret about Lily's adoption, and Jay and Gloria argue over their final resting place."
5,496,Boys' Night,"Phil and Claire have some trepidation when they find out that Luke has befriended their crotchety old neighbor, Mr. Kleezak; Jay's attempt to avoid sitting through a symphony concert with Gloria and Manny lands him in the middle of Mitchell and Cameron's ""boys' night out""; and Haley has her own adventures in babysitting with Lily."
5,497,The Musical Man,"Phil's new real estate ad creates embarrassment for Claire and Haley, Cameron goes over the top while directing a school musical, and Jay's brother comes to town with some surprising news."
5,498,Someone to Watch Over Lily,"Mitchell and Cameron try to determine Lily's guardian in case something happens to them, Claire is scared that Luke will turn out like Phil, and Haley bonds with Alex after she is forced to take Alex to cello practice."
5,499,Mother's Day,"Cameron is upset that Mitchell thinks he's the ""Mom"" of the family, Claire and Gloria take the kids on a disastrous hike, and Phil witnesses Jay tearing up while they prepare Mother's Day dinner."
5,500,Good Cop Bad Dog,"Phil and Claire trade discipline roles for the day, Gloria forces Jay to listen to a horrible business proposal, and Mitchell tries to convince a sick Cameron to let him go to the Lady Gaga concert without him."
5,501,See You Next Fall,"Haley tries to convince Alex not to deliver an angry graduation speech, Jay has a botched Botox procedure, and Cameron gets upset with Mitchell because he keeps laughing at his accidents."
5,502,The One That Got Away,"Jay wants nothing more than to have a quiet birthday out fishing on the lake, but the family take that as him wanting a big celebration, and in their frantic scramble to put everything together, Claire and Mitchell wind up trapped in the yard of their childhood home; Phil runs into his old college nemesis while at the mall with Gloria and Lily; Cameron gets himself into some hot water at the bakery, and the kids frantically do some creative editing on grandpa's birthday video, all of which leaves Jay with a headache."
5,503,Dude Ranch,"The family's dude ranch vacation turns into disaster when Dylan proposes to Haley, Alex gets an unexpected first kiss, their cowboy guide keeps hitting on Gloria, and Phil goes out of his way to impress Jay."
5,504,When Good Kids Go Bad,"Lily has problems with Mitchell and Cameron's plans to adopt another child, Jay tries to get Manny to confess to stealing a locket at school, and Claire goes to extreme lengths to prove that she was right in an argument."
5,505,Phil on Wire,"Phil tries to learn tightrope walking, Haley and Alex wind up in the same math class, Gloria becomes upset over Jay's pampering of the dog, and Mitchell joins Cameron on a juice fast."
5,506,Door to Door,"Claire recruits her family to help gather signatures for a petition to get a stop sign, Gloria loses the family dog, Jay helps Manny try to sell wrapping paper for school, and Cameron leaves a mess in the kitchen for Mitchell."
5,507,Hit and Run,"Claire leaves Phil at home to watch the kids while she applies to run for public office, Mitchell and Cameron are victimized by a hit-and-run driver, and an annoying client asks Jay to ""wow"" him."
5,508,Go Bullfrogs!,"While Phil takes Haley on a tour of his alma mater, Claire goes out on the town with a man she mistakenly assumes is Mitchell and Cameron's gay friend. Meanwhile, Gloria is alarmed and curious about Manny's mail-order package."
5,509,Treehouse,"Phil tries to build a treehouse, Haley struggles with writing a college admissions essay, Cameron hits on a single woman to win a bet with Mitchell, and Jay doesn't want to go out salsa dancing with Gloria and another couple."
5,510,After the Fire,"As the family collects goods for a family whose house burned down, Jay makes an embarrassing remark to Phil during a massage, Claire is jealous of Mitchell's friendship with Gloria, and Cameron struggles with a moving van in a parking lot."
5,511,Punkin Chunkin,"Phil is upset that Claire is stifling his creativity, Mitchell doesn't believe Cameron's ""punkin chunkin"" story, Gloria won't let Jay tell Manny that his Thanksgiving centerpiece is horrible, and Hayley and Alex get in an accident."
5,512,Express Christmas,"Phil proposes that the entire family celebrate ""Express Christmas"" together on December 16, when they discover that they won't be spending Christmas Day together."
5,513,Lifetime Supply,"After having a doctor's visit but then missing the call with the test results, Phil automatically jumps to conclusions and starts saying his goodbyes. Meanwhile Javier pops up unannounced again and takes Manny to the horse races for a belated birthday celebration, and a subtle competition ensues when Mitchell brings home an environmental law award and it becomes a game of who has the bigger trophy."
5,514,Egg Drop,"While Jay and Claire become hyper-competitive while working on their boys' science project, Gloria tries to help Phil with his real estate seminar. Meanwhile, Cameron and Mitchell interview a potential birth mother."
5,515,Little Bo Bleep,"Claire's family tries to help her prepare for her political debate, Lily begins saying the ""F word"" right before her appearance as a flower girl at a wedding, and Jay begins to wonder if his dog Stella is suicidal."
5,516,Me? Jealous?,"Claire thinks Phil's prospective new client is hitting on her, tensions rise as Mitchell and Cameron temporarily stay with Jay and Gloria, and Alex becomes jealous when Hayley volunteers as a Big Sister."
5,517,Aunt Mommy,"Claire makes a drunken decision to donate her egg for Mitchell and Cameron's next child, while Manny gets hurt after Jay gets him into a football game."
5,518,Virgin Territory,"Alex accidentally reveals a secret about Haley to their dad, Cameron fakes a back injury to catch Claire in a lie, Mitchell confesses a secret about one of Jay's proudest moments, and Luke helps Manny try to impress a girl."
5,519,Leap Day,"Claire, Hayley, and Alex's cycles ruin Phil's big Leap Day plans, Mitchell tries to throw an elaborate party for Cameron's ""tenth"" birthday, and Gloria wants Jay to get in a fight."
5,520,Send Out the Clowns,"Cameron reunites an old clown act despite Mitchell's warnings, Phil plays hardball with a rival to get a listing, Manny's new ""friend"" has a crush on Gloria, and Claire wants her daughters to friend her on Facebook."
5,521,Election Day,"It's Claire's election day, and the entire family tries in vain to pitch in to help her win the vote. Meanwhile, Haley anxiously awaits her final chance to get accepted into a college."
5,522,The Last Walt,"Cameron's dad is visiting from the farm, and when Jay comes over, it's two manly men squaring off."
5,523,"Planes, Trains and Cars","Phil makes an impulsive car purchase and wonders how Claire will react, Jay struggles to get himself and his family to a weekend with the guys at Pebble Beach, and Mitchell and Cameron lose Lily's stuffed bunny on the subway."
5,524,Disneyland,Visiting the happiest place on earth triggers old memories and creates new ones.
5,525,Tableau Vivant,"Jay and Gloria argue about how a waitress is closer to Jay than Gloria. Luke is awarded a medal for putting out a fire he started, Phil tries to fire Mitchell, and Claire and Cam fight about Cam's parenting strategies."
5,526,Baby on Board,"Jay and Manny are left to accompany Lily at her recital as Mitchell and Cameron bring Gloria along as translator as they adopt a Mexican child. Meanwhile, Haley has a surprise announcement about her plans after high school."
5,527,Bringing Up Baby,"Gloria tries to surprise Jay with news on his birthday that she is pregnant, while Phil surprises Jay with a fishing trip. Meanwhile, Mitchell and Cameron debate getting Lily a cat after she loses out on getting a baby brother."
5,528,Schooled,"Phil and Claire get emotional as they send Haley off to school, Manny makes Jay and Gloria take a parenting class, and Mitchell and Cameron clash with lesbian parents from Lily's school."
5,529,Snip,"Claire has problems with the kids as Phil prepares to get a vasectomy, Gloria refuses to wear maternity clothes, and Mitchell encourages Cameron to get a job."
5,530,The Butler's Escape,"Phil is upset that Luke wants to give up magic, Jay tries to get away from Gloria's snoring, Mitchell does errands as Cameron starts his new job as music teacher, and Alex suddenly becomes more sarcastic."
5,531,Open House of Horrors,"Claire tries to scare Phil on Halloween night, Cameron tries to show off his new slimmer body at his Halloween party, and Mitchell's white lie about Lily's mother gets him in trouble."
5,532,Yard Sale,"A yard sale at Jay's house reveals a secret in Gloria's past, Phil's wild side when he tries Jay's old motorcycle, and concern that Alex's new boyfriend might be gay."
5,533,Arrested,"When Haley is arrested for underage drinking, Phil, Claire, and Mitchell must intervene, leaving Cameron in charge of the kids. Jay's ex-wife, DeDe, makes a surprise visit, and he desperately tries to hide Gloria's pregnancy from her."
5,534,Mistery Date,"While Claire and the kids are away at one of Alex's competitions, one of Cam's friends has a ""date"" with Phil. Meanwhile, Mitchell has a breakthrough with Jay on a shopping trip, and Cameron gets Jay and Gloria a surprise gift."
5,535,When a Tree Falls,"Mitchell and Cameron fight to save a tree, Phil and Jay literally come to blows at a kids' birthday party, Claire goes shopping with Gloria--who is suffering from ""pregnancy brain,"" and Alex tries to get an embarrassing photo of Haley."
5,536,Diamond in the Rough,Gloria buys a microphone so she can sing to her unborn baby. Claire and Cameron try to renovate a baseball field so Luke's and Manny's baseball team has a place to play.
5,537,New Year's Eve,"On New Year's Eve, Jay plays poker with Billy Dee Williams, Phil and Claire try to rekindle their romance, Mitchell and Cameron search for a bar where they fit in, and Haley and Alex stay home to babysit."
5,538,Party Crasher,"Jay and Gloria throw a surprise birthday party for Manny, but their unborn baby may have other plans. Meanwhile, Haley dates a man twice her age, and Cameron becomes jealous of Mitchell and Lily's relationship"
5,539,Fulgencio,"Jay fights with his mother in law over naming the baby, Phil unsuccessfully tries to solve his kids' problems, and Mitchell and Cameron try to curb Lily's snarkiness."
5,540,A Slight at the Opera,"Cam is left without a lead on the first school performance of ""Phantom of the Opera,"" Phil and Mitchell play golf with Jay, and Haley and her boyfriend help Claire take care of the baby."
5,541,Heart Broken,"Phil and Claire's Valentine's plans land Claire in the emergency room, Jay and Gloria try to be intimate for the first time after the baby, and Mitchell has a wild Valentine's night after drinking and blacking out at his party."
5,542,Bad Hair Day,"Claire runs into an old lover at her college reunion, a mishap causes Cam to give the baby a disastrous haircut, and Jay has to put his bowling match on hold to build up Manny's confidence."
5,543,Best Men,"Mitchell and Cameron are co-best men for a friend's wedding, but the bride has cold feet. Meanwhile, Manny has a crush on the nanny, Phil helps Luke get a date, and Claire and Haley go together to Alex's concert."
5,544,The Wow Factor,"Claire and Cam clash over a fountain as they try to flip a house, Mitchell confronts a playground bully, Jay spends the day alone with Joe, and Phil tries to teach the girls about home repairs."
5,545,The Future Dunphys,"Phil and Claire get a possible glimpse at their future children, Gloria helps Lily get in touch with her Vietnamese heritage, and Jay tries to help Manny get into a prestigious prep school."
5,546,Flip Flop,"Phil pulls out all the stops to flip Cameron and Claire's house and avoid embarrassment from a rival realtor, and Gloria is jealous of Manny's. relationship with her ex-husband Javier's new girlfriend."
5,547,Career Day,"Phil's rival, Gil Thorpe, offers Claire a job, Lily gets a extra-generous gift from the Tooth Fairy, and Jay decides to begin working on his novel."
5,548,My Hero,"Cam is jealous of Mitchell's ex-boyfriend, Claire tries to avoid her dad's job offer, Manny has to write an essay about his hero, Phil tries to teach Gloria to skate, and Hayley tries to help Alex flirt with boys."
5,549,Games People Play,"The Dunphys take an RV trip together, Mitchell and Cam become over-competitive at Lily's gymnastics meet, and Jay and Gloria are upset that they weren't invited to a party."
5,550,Goodnight Gracie,"The family goes to Florida for Phil's mother's funeral. Phil has to honor his mom's odd last request, Jay sees a familiar face, Mitchell defends Gloria in court, and Cameron makes some new friends."
5,551,"Suddenly, Last Summer","Mitchell and Cam go behind each other's backs to set up the perfect marriage proposal, Gloria is sad about sending Manny to Colombia, and Phil and Claire try to arrange the kids' vacations to maximize their ""alone time."""
5,552,First Days,"Manny and Luke have their first day of high school, Cam works as a substitute social studies teacher, Claire begins her new job working for her dad, and Mitchell's boss hits on Haley."
5,553,Larry's Wife,"Mitchell leaves the wedding plans to Cam, who is busy preparing a cat funeral for Lily. Meanwhile, Phil tries to cater his real estate business to divorced women, and Gloria thinks her baby may be cursed."
5,554,Farm Strong,"Cam's sister comes to town with good news, Phil and Claire agree to skip Luke's soccer game, Gloria refuses to admit she needs glasses, and Alex thinks Jay is cheating at Words With Friends."
5,555,The Late Show,"Jay pulled a lot of strings to get reservations at the hottest new restaurant for a family adult's night out. Unfortunately, in each household everyone is running late."
5,556,The Help,"Phil tries to get dad back in the dating scene, Jay does not like Gloria's new choice for a nanny, and Mitchell and Cameron are not impressed with their old friend Pepper's plans for their wedding."
5,557,A Fair to Remember,"At a local fair, Phil tries to surprise Claire with an anniversary gift, Jay works as a ""police officer,"" Manny enters a cake baking contest, Luke confronts a crush, and Cameron tries to rally the football team."
5,558,ClosetCon '13,"Claire joins Jay at a closet convention; Cam, Mitchell and Lily visit Cam's childhood Missouri farm, Phil breaks Jay's priceless Apollo 13 model, and Hayley and Alex fight over the pizza delivery guy."
5,559,The Big Game,"Cam tries to break a school record as freshman football coach, Phil is on the verge of his first month without selling a house, Claire still struggles with being the boss's daughter, and Mitchell tries to let his boss down easily."
5,560,The Old Man & the Tree,"Luke helps Phil try to reach Canada on his elliptical machine, Jay and Manny try to get a Christmas tree in the wild, Gloria is jealous of Claire and her mom, and a mix-up lands Cam and Lily with the homeless at Christmas."
5,561,And One to Grow On,"Phil tricks Luke into taking a dance class, but the joke is on him when the white lie indirectly lands him in the slammer. Meanwhile, Jay and Gloria throw a birthday party for Manny and Joe but are worried that Manny might be hitting on girls who are way out of his league. And Mitch and Cam are having more problems with planning their wedding when they get a rude awakening in the cutthroat world of booking a wedding venue."
5,562,Under Pressure,"The parents go to open house at school, Alex goes see a therapist, Manny and Luke have a double date with twins, and Mitchell doesn't feel like he's ""green"" enough after speaking to his neighbor."
5,563,Three Dinners,"Phil and Claire take Hayley to dinner to discuss her future, Shorty tells Jay that he and his wife are moving to Costa Rica, and Mitchell and Cam unknowingly interrupt a couple's surprise engagement dinner."
5,564,iSpy,"Gloria is suspicious of Jay after he says ""baby"" in a dream, Phil and Claire spy on Haley, Luke and Manny, and Mitchell is reluctant to share some juicy gossip with Cameron."
5,565,The Feud,"The feud between Phil and Gil Thorpe reaches a new level, a lice outbreak hits the family, Haley and Alex are trapped in the basement by a possum, and Manny and Gloria are embarrassed during a school field trip."
5,566,Spring-A-Ding-Fling,"A returning teacher steals Cam's thunder at the school dance he organized, Mitchell discovers that his new boss is evil, Hayley goes with Phil to an awards show, and Jay and Gloria try to get Lily to confess."
5,567,Other People's Children,"Gloria and Claire take Lily dress shopping, Jay teaches woodworking to Luke, Cameron tries to get out of a museum trip, and Phil helps Andy make a video for his girlfriend--which Hayley thinks is lame."
5,568,Vegas,"On a trip to Las Vegas, Jay wheels and deals to get a better room, Claire tries to win back the money she lost last year, Phil tries to get into a magician's club, and Cameron chooses a bachelor party over a spa day with Mitchell."
5,569,A Hard Jay's Night,Jay's plans to host a family evening are derailed when Phil gets in trouble trying to sell Gloria's old apartment and Mitchell doesn't approve of the wedding topper Cameron's father made.
5,570,Australia,The family joins Phil in Australia as he fulfills his late mother's wishes to discover where his parents had their honeymoon.
5,571,Sleeper,"Phil has to tell an elaborate lie to Claire when he messes up a household task. Gloria is put in charge of the family portrait, and Jay enters Stella in a dog show."
5,572,Message Received,"Mitchell and Cameron have to sell a few prized possessions to afford their wedding. Phil and Claire are the victims of a practical joke pulled off by their kids. Jay, Gloria and Manny are each forced to confront a fear."
5,573,"The Wedding, Part 1","Preparations for Mitchell and Cameron's wedding become a logistical nightmare, especially when a wildfire pushes the wedding time four hours ahead of schedule."
5,574,"The Wedding, Part 2",A series of mishaps and unruly guests threaten to undermine Mitchell and Camerson's wedding.
5,575,The Long Honeymoon,Cameron isn't ready to conclude his honeymoon with Mitchell after their wedding. Gloria takes Jay to task over his appearance. The Dunphys must ready themselves for the return to school.
5,576,Don't Push,"Phil, Luke, and Haley cause nothing but aggravation for Alex when they tag along on her tour of Caltech. Jay and Gloria have trouble finding the perfect gifts for their anniversary."
5,577,The Cold,"The Dunphys are down with a cold, thanks to Phil. Jay and Gloria try to help Manny deal with playing football, and Cameron doesn't know how much playtime to give him. Mitchell debates with Lily's new friend, Sydney."
5,578,Marco Polo,"Things become tense when the Dunphys temporarily move into a hotel, Gloria is suspicious of Manny's new girlfriend, and Mitchell discovers that he has jinxed Cameron's football team."
5,579,Won't You Be Our Neighbor,"The Dunphys try to persuade the perfect couple to move in next door, Manny dates the daughter of Jay's biggest nemesis, and Mitchell and Cameron try to get Lily a new teacher."
5,580,Halloween 3: AwesomeLand,Phil takes over Halloween decorating duties from Claire. Jay is upset when he wants to dress up as Prince Charming but Gloria buys him a Shrek costume. Mitchell has a problem in court with the stenographer working in a scary costume.
5,581,"Queer Eyes, Full Hearts","Haley and Andy start spending a lot of time together. Gloria wants Manny to learn Spanish at school instead of French, and a reporter takes more than a passing interest in Cameron and Mitchell's lives."
5,582,Three Turkeys,Phil and Luke take over Thanksgiving duties but Claire readies an emergency plan. Jay and Gloria get their holiday plans interrupted and regret not telling anyone. Cameron has to think of a way to get Lily to wear a dress for dinner.
5,583,Strangers in the Night,"Jay and Gloria try to get out of parties they must attend. Mitchell's kind gesture to a co-worker backfires on him, and Phil and Claire think Alex is lying when she tells them she found a boyfriend."
5,584,Haley's 21st Birthday,"Haley celebrates her 21st birthday, but will anything go wrong?"
5,585,The Day We Almost Died,"While driving out to get breakfast, the Dunphys including Manny have a near death experience causing everyone to reevaluate their lives. Claire resolves to be more fun and less uptight, Haley and Alex agree not to fight anymore, Manny refuses to ever ride in a car again, Luke wants to check off his bucket list, Phil decides to be a take action type of guy and the rest of the family has to bear the brunt of all the new attitudes."
5,586,The Big Guns,"The Dunphys want their neighbors to move their boat out the driveway, Jay is determined to potty train his son while Manny learns the hard way he wasn't a special child, and Mitchell disapproves when Cam trains Lily to be Fizbo's sidekick."
5,587,Rash Decisions,"When Phil thinks Luke is giving him the cold shoulder. Andy becomes Phil's new right-hand man. Meanwhile, Jay may have to give Stella away because Joe is allergic to her, and Mitchell savors being the popular guy in the office."
5,588,Valentine's Day 4: Twisted Sister,Claire has difficulty in accepting that Phil is more interested by her alter-ego Juliana. Gloria's sister tries to seduce Jay. Mitch and Cam have to get back a present for their friend Anders.
5,589,Fight or Flight,"A single first-class upgrade comes between Phil and Claire, Sal abandons her baby during Mitchell and Cam's baby shower, Jay helps Manny confront a bully, and Alex and Haley help Luke break up with a girl via text message."
5,590,Connection Lost,Claire is stuck at an airport and trying to digitally track down Haley after an argument.
5,591,Closet? You'll Love It!,"Jay and Claire scramble to shoot a commercial in response, but there might be some creative differences between father and daughter. A peeping-Tom in the neighborhood keeps using a drone to spy on Gloria."
5,592,Spring Break,"Hayley gets Alex drunk at a concert, Phil becomes jealous of Luke's increasing abilities, Cam gets in trouble over a song at a talent show, and Mitchell and Jay try to go behind their spouses' backs."
5,593,"Grill, Interrupted","Jay isn't impressed with Phil's birthday gift, Alex isn't excited about her acceptance to Cal Tech, Mitch and Cam get an inheritance, Andy sees Hayley for the first time since the hospital, and the boys sneak alcohol behind Gloria's back."
5,594,Knock 'Em Down,"Jay agrees to sub on Cam's bowling team, not knowing it's an all-gay league. Phil and Claire finally bond with their neighbors over an offensive statue. Gloria and Mitchell agree to a night out with Haley to prove they're not too old."
5,595,Integrity,"Jay talks Phil into standing up to Claire, but freaks out when Phil turns the tables on him. Claire lobbies for Luke to win a school award. Mitch and Cam finally address a sensitive topic while babysitting for Joe."
5,596,Patriot Games,"Alex is not satisfied when she is named co-valedictorian, and neither is her competitor. Gloria prepares to take her citizenship exam until she finds out the real reason Jay wants her to take it. Mitch and Cam consider joining a protest."
5,597,Crying Out Loud,"Claire thinks about leaving her job with her father. Phil, Haley and Luke take Alex on her ""senior ditch day"". Mitch and Cam are worried that Lily doesn't show empathy. Gloria tries to drive a wedge between Manny and his girlfriend."
5,598,American Skyper,"As Alex finally graduates from high school, Phil uses Skype because he stuck in Seattle. Mitchell loses his job and Claire has to find the perfect gift for Alex while Andy is caught between Haley and Beth."
5,599,Summer Lovin',Haley loses out on Andy and gets back with Dylan. Alex and Sanjay plan their breakup for when they leave for school. Mitchell takes up art instead of finding a new job. Jay and Gloria try to get Joe in a good preschool.
5,600,The Day Alex Left for College,"Haley drops Alex off at school, where they meet her intense new roommate. Phil asks Luke to help him show a house, but he'd rather be with his friends. And everybody else is looking for an excuse to get out of Lily's soccer game."
5,601,The Closet Case,Mitchell takes a job with his dad's rival. Luke and Manny visit Alex at college to meet a girl. Gloria is upset when a cheerleader doesn't decorate Manny's locker. Phil and Claire play chicken when Dylan moves into the house.
5,602,She Crazy,"Phil builds a habitat for the duck eggs and convinces Lily to help him hatch them; Claire is anxious about telling Jay her ideas for closets; Gloria and Manny assist each other with their ""crushes""; Cam bonds with frat guys."
5,603,The Verdict,"Claire is excited to give Haley and Alex a great experience for ""Bring Your Daughter to Work Day"" but the staff is not making it easy, and Phil takes Luke and Manny's class out for community service day, which becomes a teachable moment in more ways than one. Elsewhere, Gloria is thrilled to be on jury duty leaving Jay to help out at Joe's pre-school and he is not happy about it at all. Cam and Mitch disagree over which of their friends to invite to their party, so could Gloria help mediate?"
5,604,The More You Ignore Me,"Luke is arrested, and Phil is surprised by Claire's reaction. Mitchell has a new job offer to ponder. Cameron helps Gloria uncover the secret recipe for her family's sauce. Jay is set to receive an award from the Chamber of Commerce."
5,605,"Phil's Sexy, Sexy House","Haley sneaks into the fancy house Phil is selling for some alone time, but discovers that other people had the same idea. Meanwhile, Jay secretly plans a trip for the family, and Manny tries to use his brother Joe to impress a girl."
5,606,Clean Out Your Junk Drawer,"Gloria pays for all three couples to have a Sunday afternoon group therapy session, but nobody else is taking it seriously. Meanwhile, Haley and Alex discuss whether they should dump their boyfriends."
5,607,White Christmas,"Gloria makes plans for the family to have a ""White Christmas,"" but the weather does not cooperate. Jay makes a decision about the future of his business. Alex makes a new friend. Haley and Andy continue to fool around in secret."
5,608,Playdates,"The Dunphy kids make a last-minute birthday surprise for Mitchell, and run into Ray Liotta. Jay is uncomfortable with the father of Joe's new play date. Claire asks Phil to not pick up the bill at lunch. Cam helps Lily with a new crush."
5,609,Spread Your Wings,"While Phil visits a lonely Alex at CalTech, Claire tries to get rid of the ducks. Gloria and Cam have to steal some peppers to fill their sauce recipe. Jay helps Mitchell with Lily's sleepover."
5,610,Clean for a Day,"Claire's efforts at cleaning house brings resistance from her family and a bittersweet memory for Alex. While Jay sneaks off for flying lessons with Cameron, Mitchell tries to help Gloria learn how to play golf."
5,611,Thunk in the Trunk,"Claire's new position means Phil feels like a housewife. Gloria's provocative sauce ad gets Jay jealous. Mitch and Cam rent the apartment above their own, but end up spying on their guests"
5,612,The Storm,"During an electrical storm, Phil tries too hard to prove that he's useful, Jay desperately tries to make an appointment at a bar, Manny has an embarrassing moment with Claire, and Mitch and Cam try to save Lily's failing birthday party."
5,613,I Don't Know How She Does It,"Claire doesn't tell Phil that she's using an assistant to do all her family chores. Jay, Gloria and Manny each try to keep an embarrassing secret from each other. Mitch and Cam try to find out why they've been blacklisted at gay weddings."
5,614,The Cover-Up,"Phil hides a secret about his new client from Claire, but Claire has her own secret about her yoga instructor. Jay needs help to find the identity of an online troll. Cam has an accident while forcing Lily to learn how to ride a bike."
5,615,Express Yourself,"Phil talks Claire into a last-minute trip to Paris, and Andy has a wild night out in Las Vegas with Haley. Jay's bathroom remodeling project frustrates Gloria, and Mitchell can't sleep when Cameron's sister comes to visit."
5,616,The Party,"Manny and Luke are in charge of babysitting Lily so that the adults can enjoy a day to themselves. Claire and Gloria have a lovely trip to the spa planned; Phil and Mitch nerd out in the movies; Jay and Cam go to a sports bar to watch the big fight. Things started going awry though when the fire alarm goes off back at the house, Claire is convinced the boys are secretly throwing a party."
5,617,Man Shouldn't Lie,Claire takes in a stray dog and tries to hide it from Phil. Gloria persuades a reluctant Jay to make a new friend. Mitchell tries to persuade the drummer in a Christian rock band he suspects of being gay to come out of the closet.
5,618,Promposal,"Mitchell helps Luke out with his ""promprosal,"" sparking Cam's jealousy. Claire discovers that there is a mole for Jay in the company. Phil and Gloria confront a competitor who stole Gloria's sauce recipe."
5,619,Crazy Train,"The family travels by train to Dede's wedding. Phil and Cam help a mystery writer with his book, Jay's comment puts the wedding in jeopardy, Claire helps Mitch write the toast, and Luke and Alex meet possible romantic interests."
5,620,Double Click,"Jay struggles as he returns to the job, and Claire is in a no-win situation having to fire an employee. Mitchell and Cam fight over who keeps Lily for the summer. Meanwhile, Phil and the kids struggle with relationships and change."
5,621,A Tale of Three Cities,"The three families will be in three different locations: the Dunphys will be in New York, Jay and Gloria will attend a wedding in Mexico, and Mitchell and Cameron will attend a funeral in Missouri."
5,622,A Stereotypical Day,Jay wants to make a good impression on a family moving in across the street; Manny tries to attract a radical thinker; the Pritchett family uses Alex's bout of mono to their advantage; Cam and Mitchell try to teach a message of acceptance.
5,623,Blindsided,"The Dunphys and Pritchetts are competing when Luke decided his best shot at getting into college is to win the senior class president election against Manny. The election seems much more important to Jay, Gloria, and Claire, though. Now that Haley has started her own promotion business, Phil introduces her to Merv Schechter, a marketing guru. When Cam finds out his star football player is moving, he does everything in his power to keep him, which means a crowded situation at home."
5,624,Weathering Heights,"Phil is excited when he's invited to appear in a real estate segment for the local news; Phil meets his weatherman hero, Rainer Shine; Jay tries to improve Manny's video interview for a college application."
5,625,Halloween 4: The Revenge of Rod Skyhook,The Dunphy's try to kick start Luke's Halloween party; Cam confronts his Halloween nemesis; Jay plans to go to a party at an old enemy's home to deliver an unforgettable trick.
5,626,Grab It,Phil considers becoming a member at Jay's favorite refuge; Claire is mistaken about her influence on Alex's choices; Cam holds back on telling Mitchell what his play is really about.
5,627,Thanksgiving Jamboree,Cameron spares no expense for his Thanksgiving jamboree; Hayley tells Phil she'd rather spend the holiday with her new boyfriend; Jay works to keep his blood pressure down; Alex and Dwight get closer.
5,628,The Alliance,"Hayley's day with Rainer Shine's daughter doesn't go as expected; Luke unintentionally helps Jay with his petition; Gloria, Phil and Cam have a secret meeting."
5,629,Snow Ball,"Manny and Luke's efforts to put on the school's winter dance get complicated due to a texting error; Gloria, Claire, Mitchell and Cam volunteer at the dance while Jay tries to get out of it by pretending he wants to spend time with Phil."
5,630,Ringmaster Keifth,"Cam wants to throw a New Year's Day feast for the family. Phil's father arrives with his new girlfriend, who happens to be Phil's childhood babysitter. Gloria and Jay must decide who will look after little Joe if something should happen to them."
5,631,Sarge & Pea,Cam goes to the extremes to confront a parent who robbed him of a precious Lily moment during her dance recital.
5,632,Do You Believe in Magic,Phil calls upon his alter ego to inject some sizzle back into his marriage; Jay shows favoritism in his parenting; Haley and Sal try to stand up to men in their lives.
5,633,Do It Yourself,Phil talks Jay into investing in a property he has long wanted to develop; Claire's culinary ventures aren't as successful as she thinks; Cam and Mitchell try to teach Lily the value of hard work.
5,634,Heavy Is the Head,Phil and Jay get an offer to sell a land investment for a 20 percent profit but turn it down. Cam is petrified to have an MRI so Mitchell tries to ease his fear. Gloria arranges a birthday surprise at Claire's work at an inconvenient time.
5,635,Finding Fizbo,"After seeing an online video of his Fizbo costume being desecrated, Cam sets out to restore the character's good name; Phil meets his soon-to-be stepbrother; Manny enlists Gloria, Claire and Haley to do a read-through of his newest play."
5,636,Basketball,NBA stars Charles Barkley and DeAndre Jordan attend the charity basketball game Phil is playing in; Gloria's nemesis tries to shame her for lack of support at Manny's school; Claire tries to keep a work mistake secret from Jay.
5,637,Pig Moon Rising,"Mitchell accidentally knocks over an urn containing the ashes of Cam's beloved pet pig, Lilly; Cam tries to catch Mitchell in a lie."
5,638,Five Minutes,Mitch and Cam fight the effects of sleeping pills while rushing to catch a flight; Haley and Rainer re-evaluate their relationship; Phil and Claire meet Alex's new boyfriend when they pay her a surprise visit.
5,639,Frank's Wedding,"Phil gets the Dunphy clan to show up in costume for Frank's Roaring '20s-themed wedding; Jay masters the art of saying no; Cam stands up to his sister, Pam."
5,640,All Things Being Equal,"Gloria, Claire, Haley, Alex, Lily, Luke, and Manny show support for gender equality and the women's movement in their own ways; Jay and Phil butt heads over their parking attendant; Cam feels jealous when Pam prefers Mitchell's help with the baby."
5,641,Alone Time,"Mitch and Jay end up at the same resort when they separately seek out a retreat from the family; Phil and Claire struggle to enjoy empty-nester life; not knowing what to do with himself while Mitch is away, Cam drops in on Gloria."
5,642,The Graduates,Jay picks up the pieces after Manny's father takes him out to celebrate graduation; the family prepares for Luke and Manny's big day.
5,643,Lake Life,Jay takes the family on a lake house in efforts to make memories.
5,644,The Long Goodbye,Manny leaves for college and it's hard to say goodbye to his family. Haley starts working for Luke at the club and Phil and Claire visit Alex at college. Cam and Mitchell have problems with their kitchen.
5,645,Catch of the Day,Phil is superstitious and thinks he's in for a day of bad luck. Mitch thinks Cam is undermining on the kitchen renovation. Can Gloria admit she had an accident?
5,646,"Sex, Lies & Kickball",Jay's best friend visits from Costa Rica but spends more time with Gloria. Alex wants to prove to Claire that her relationship with Ben is sexual.
5,647,"It's the Great Pumpkin, Phil Dunphy",Phil and Claire try to prove to their kids that Halloween is for adults. Mitch confronts Jay on the time it takes to renovate their kitchen. Cam oversteps as a house guest.
5,648,Ten Years Later,Claire and Mitchell try to make up for less than enthusiastic support of Jay marrying Gloria 10 years ago by organizing an anniversary party for them. Phil discovers that he failed to become a magician decades earlier due to a betrayal.
5,649,Winner Winner Turkey Dinner,Everyone is celebrating their triumph on the thanksgiving while the truth is that all of them cheated.
5,650,Brushes with Celebrity,Each member of the family reminisce about run-ins with celebrities.
5,651,Tough Love,Phil and Claire go out of their comfort zone when he goes on a survival camping trip and she has to drive a big rig. Gloria is upset over Manny dating his female professor. A student in Cameron's detention class is an undercover cop.
5,652,No Small Feet,"When Claire lands a big opportunity for Pritchett's Closets, Jay expects a little validation for his contribution and takes over her celebration when he doesn't get one. Pam's charming but grifting ex-boyfriend Bo (James Van Der Beek) shows up to win his family back and Mitchell sees this as the perfect opportunity to get Pam out of the house. Meanwhile, Luke and Alex stumble upon a successful online business (online store for feet fetishists) that finally gets them on their feet. Finally, Phil has to make a sale to pay the bills but his new age client comes to ..."
5,653,"He Said, She Shed",Jay teaches Joe how to play golf but he and Gloria both push him into becoming too competitive. Mitch and Cam host a party for Lily and her friends. Claire thinks that the Homeowners Association turned her application to build a shed on her own property.
5,654,Dear Beloved Family,"Phil is sick and wants Claire to find his surgery bear. Jay and Gloria are having issues over explaining Joe about ""the death"" scenario whilst Cam is furious at Mitchell as he has a crush on someone."
5,655,In Your Head,"When Luke goes missing after a night out in a sketchy neighborhood, Manny, Phil and Gloria team up to track him down. Meanwhile, Haley is desperate to land an interview with the creator of a popular lifestyle website and interrupts Alex during one of her college classes. Alex's professor, Arvin Fennerman (Chris Geere), then proceeds to try and give Haley a piece of his mind."
5,656,Written in the Stars,"On Valentine's Day, Mitch and Cam ruin Luke's date, Jay and Gloria do some role playing and Joe has a crush on Claire."
5,657,Spanks for the Memories,"When Jay overhears Gloria talking about spanking, he thinks she's bored in the bedroom. After Mitchell gets a great new job, he and Cam throw a party to rub it in Cam's friend's face."
5,658,Wine Weekend,"The family go wine tasting and stay in Haley's boss's country house which has one important rule, don't touch the tiara. Meanwhile, Gloria and Mitch are invited to a party at Oprah's house but can't bring anyone else."
5,659,Royal Visit,"Haley's brilliant astrophysicist boyfriend and Alex's simple but heroic fireman hunk meet the family. Jay and Gloria meet Joe's pal's perfect parents. On couples retreat, anechoic chamber traumatizes Mitch and Cam meets his baseball idol."
5,660,Daddy Issues,"When Jorge, Gloria's ex-boyfriend, stops by for a visit, his resemblance to Manny makes Jay question Manny's paternity. Phil agonizes over the perfect gift for Claire for the anniversary. Cam and Mitch deal with Lily's women's troubles."
5,661,CHiPs and Salsa,"When Haley hears that her loopy boss is looking for a product with the magical properties of peppers, she tries to gain favor by convincing Gloria to sell her salsa to NERP; Mitchell gets Cam the police ride-along he's always dreamed of."
5,662,Mother!,"When DeDe arrives for a surprise visit, Mitchell and Cam come to an understanding regarding her influence on their lives. Phil, Luke, Alex and Haley have bad news for Claire and compete for the right timing to tell her."
5,663,The Escape,"Haley meets Arvin's parents but when things don't go as planned, fate leads to an unexpected reunion with all of her ex-boyfriends. Meanwhile, the family seizes on a nursing home visit with Jay's mean sister, Becky, to settle old scores. But as Jay, Claire and Mitchell compete for her time, Phil, Cam and Gloria end up getting trapped in the home's basement with no way out."
5,664,Clash of Swords,"In the Season 9 finale, Mitchell sneaks out to ""Hero-Con"" with fanboy Phil, dressed as their favorite characters from the show ""Clash of Swords."" It's great until Phil commits the ultimate fan faux pas. In a clash of another kind, Gloria's dinosaur party for Joe is ruined when her nemesis, Dr. Donna Duncan, upstages her with a far bigger and better party right next door."
5,665,I Love a Parade,"The Pritchett-Dunphy-Tucker clan are going to be setting off more than a few fireworks when they get together at the annual Fourth of July parade where Jay will be acting as the grand marshal. Meanwhile, Haley's goodbye with Arvin before his trip to Switzerland doesn't go as well as she pictured it and is distracted by the return of an old flame."
5,666,Kiss and Tell,"Haley needs a little help deciding whether or not to tell Arvin about her kiss with Dylan and goes to Mitch and Cam for their advice. Meanwhile, Gloria suspects Manny's Canadian girlfriend is made up and wants to find out the real truth."
5,667,A Sketchy Area,"Phil stumbles into an exciting new career after dropping by Luke's college; while Claire deals with her dad, Jay, and the merger of Pritchett's Closets with a tech-savvy, hipper company. Meanwhile, Mitch's new high-profile case as an assistant district attorney is marred by an unflattering courtroom sketch by the resident artist."
5,668,Torn Between Two Lovers,"Haley can't seem to choose between her past and present relationships and is forced to make a decision. Meanwhile, Manny returns to college and dorm life while his girlfriend, Sherry, continues to stay at Jay and Gloria's, and might be overstaying her welcome."
5,669,Good Grief,"It's an epic Halloween full of costumes, tricks and treats for the Dunphy-Pritchett-Tucker clan as they deal with huge, unexpected news."
5,670,On the Same Paige,"Phil learns that his real estate class will be cancelled if any additional students drop it. So, he turns on his powers of charm and flattery to keep one particular student, Paige, from leaving while Luke asks her out by inviting her over to dinner. Meanwhile, Jay may unknowingly be flirting with the mother of Joe's classmate and tries to set boundaries"
5,671,Did the Chicken Cross the Road?,Alex has an interview for a job and Luke helps her vanquish her fears. Phil believes that he was a Russian Spy in High School. Haley learns unexpected news while Cameron adopts a chicken. Jay and Gloria disagree over Joe's education.
5,672,Kids These Days,Haley needs motherly advice from Claire as she considers her future with Dylan and her career; Jay and Cam's less than politically correct coaching style earns them a class on sensitivity; Mitch runs into Phil's nemesis at an unlikely place.
5,673,Putting Down Roots,"When Dede's husband comes to town to bequeath her possessions to the family, Jay and Gloria feel sorry for him and invite him to stay with them while he is in town."
5,674,Stuck in a Moment,"Haley works to figure out the best time to give the family a Christmas gift they will never forget; Phil borrows the family Christmas tree for a house-showing; Jay, Gloria and Joe deal with unwelcome holiday visitors."
5,675,A Moving Day,Claire and Phil aren't convinced that Haley and Dylan can make it on their own as they move them into their new apartment before the baby arrives; Pameron gets out of prison early and has a bone to pick with Mitchell.
5,676,Blasts from the Past,Phil and Claire postpone their planned cycling tour through Italy when Dylan's hippy mother comes to meet them; Mitch's old issue of Playgirl magazine makes Cam jealous; Gloria and Manny investigate the legend of Jay's heroic great uncle.
5,677,Whanex?,"Cam must contend with a bully at the school; Jay has technical trouble during a video conference; the local mall holds a photo shoot for its new ad campaign, and Gloria tricks Phil and Joe into participating."
5,678,We Need to Talk About Lily,"Phil thinks he found Pepper his dream home; in an attempt to connect with Lily, Mitch and Cam get invited to an exclusive event for her favorite vlogger."
5,679,SuperShowerBabyBowl,"Jay hosts a Super Bowl party at the same time as Claire hosts a baby shower for Haley, both at Jay's house."
5,680,Red Alert,"Lily reaches a womanly milestone that Cam and Mitch are not prepared for at all, so they call in reinforcements."
5,681,The Wild,"Mitch, Cam and Phil crash Jay's annual hiking trip to find an elusive bald eagle after Gloria asks them to keep an eye on him; Gloria, Alex, Claire and Haley get together to plan her baby shower."
5,682,Stand by Your Man,"Dylan and Luke are really impressed with Bill's tales of heroism and survival as a firefighter, which make Phil feel emasculated."
5,683,Yes-Woman,"In an effort to be less negative, Claire inadvertently approves of Luke's new relationship with someone from his work; Phil tries to surprise Alex at school right before she receives an award she didn't tell him about."
5,684,Can't Elope,Haley and Dylan's plan to quietly elope before the babies are born doesn't go as smoothly as they had hoped; Jay continues to try and get his new business off the ground by courting an Instagram celebrity.
5,685,Commencement,Cam finally gets a chance to shine when he is asked to preside over the high school graduation ceremony at the last minute; Jay gives the commencement address; Claire runs into her former high school rival who brings out the worst in her.
5,686,A Year of Birthdays,The birth of Haley and Dylan's twins approaches as a look back at how the family celebrated their birthdays over the past year is discussed.
5,687,New Kids on the Block,"Haley is determined to follow the advice in her parenting books, but Phil and Claire think their old methods are better; Manny is set to direct Jay's dog bed commercial in hopes of winning his ex-girlfriend back."
5,688,Snapped,Claire needs to get everyone out of the house before they make her look bad in front of a reporter from an important women's business magazine; Cam and Mitchell welcome a high-tech smart refrigerator into their home; Phil is suspicious of Gloria when a student of his is injured.
5,689,Perfect Pairs,"Phil, Claire, Alex and Luke realize the babies might help them with a few things on their to-do lists, so they offer to give Haley the day off."
5,690,Pool Party,"Mitch and Cam help Lily overcome her insecurities about wearing a bathing suit to a pool party; with Gloria's new internship taking up so much of her time, Jay starts feeling particularly neglected."
5,691,The Last Halloween,Phil is determined to scare Claire on Halloween; Gloria feels self-conscious about her age when someone correctly assumes she is Jay's wife; Mitch and Cam go to a carnival after Lily decides to go to her first Halloween party alone.
5,692,A Game of Chicken,Gloria uses her alone time with the twins as an opportunity to secretly baptize them before Haley and Dylan get home; Claire deals with the fallout from the smart closet fiasco; Cam feuds with his school's mascot.
5,693,The Last Thanksgiving,Cameron and Mitchell's friends mistakenly assume they have split up; Haley attempts to cook Thanksgiving dinner as a thank you for Claire and Phil's support with the twins; Jay invites Phil and Dylan out to fly his model plane.
5,694,Tree's a Crowd,"The Dunphy house is bursting at the seams when Dylan's hippie mom moves in and Claire's lonely stepdad, Jerry, wants to pay them a visit; Jay and Gloria attempt to help Manny get over his big breakup with Sherry."
5,695,The Last Christmas,Mitchell suspects Cameron has an ulterior motive for keeping everyone happy for Christmas dinner; Claire tries to dodge Jay's job offer to work at his dog bed company; Luke deals with the consequences of kissing Manny's ex-girlfriend.
5,696,The Prescott,Alex's company puts her up at a new luxury apartment building with a number of high-profile residents that the family is eager to take advantage of; Phil is on a mission to review the restaurant's famous sliders for his food blog.
5,697,Legacy,Phil pays a visit to his dad after hearing some concerning news about him; Jay gives Claire and Mitch a bunch of their old childhood memorabilia that triggers them to reevaluate a long-held story about their first family vacation.
5,698,Dead on a Rival,"Mitchell learns a valuable lesson when a former resident of the house shows up unexpectedly; the Dunphy's old neighbor-turned-tech-titan, Kenneth, comes to visit with a big surprise for Phil; Manny's dad has a big opportunity for his son."
5,699,Paris,The Pritchett-Dunphy-Tucker clan heads to Paris so Jay can accept a lifetime achievement award for his work in the closet industry; Claire has a secret rendezvous; Cam finally gets a chance to perform as Fizbo on the streets of Paris.
5,700,Spuds,Phil and Claire take Haley and Dylan to dinner to reassure them they are not bad parents; Mitch and Cam chaperone on Lily's first date; Jay and Gloria attend Joe's school play.
5,701,Baby Steps,Claire lands an interview for her dream job but is thwarted on her way to the interview by Phil's tricky staircase; Cam and Mitch debate the pros and cons of adopting another baby.
5,702,I'm Going to Miss This,"Mitchell is having a hard time letting go of his old life and Gloria steps in to help him; Haley, Luke and Alex decide to throw a party at the Dunphy house when Claire and Phil leave for a trip; Dylan's mom takes the twins for the night."
5,703,Finale Part 1,"Mitchell and Cam settle into their new normal; Phil and Claire decide that one of the kids needs to move out; as Gloria becomes more successful at work, she notices Jay and the kids don't seem to need her as much."
5,704,Finale Part 2,Phil and Claire tell their kids that one of them have to move out as there is not enough room for 3 adult children and grand kids anymore. Cam is offered his dream job and Jay attempts to learn how to speak like a true Colombian.
6,705,Tourist Trapped,TBD
6,706,The Legend of the Gobblewonker,TBD
6,707,Headhunters,TBD
6,708,The Hand That Rocks the Mabel,TBD
6,709,The Inconveniencing,TBD
6,710,Dipper vs. Manliness,TBD
6,711,Double Dipper,TBD
6,712,Irrational Treasure,TBD
6,713,The Time Traveler's Pig,TBD
6,714,Fight Fighters,TBD
6,715,Little Dipper,TBD
6,716,Summerween,TBD
6,717,Boss Mabel,TBD
6,718,Bottomless Pit!,TBD
6,719,The Deep End,TBD
6,720,Carpet Diem,TBD
6,721,Boyz Crazy,TBD
6,722,Land Before Swine,TBD
6,723,Dreamscaperers,TBD
6,724,Gideon Rises,TBD
6,725,Scary-Oke,TBD
6,726,Into the Bunker,TBD
6,727,The Golf War,TBD
6,728,Sock Opera,TBD
6,729,Soos and the Real Girl,TBD
6,730,Little Gift Shop of Horrors,TBD
6,731,Society of the Blind Eye,TBD
6,732,Blendin's Game,TBD
6,733,The Love God,TBD
6,734,Northwest Mansion Noir,TBD
6,735,Not What He Seems,TBD
6,736,A Tale of Two Stans,TBD
6,737,"Dungeons, Dungeons, &amp; More Dungeons",TBD
6,738,The Stanchurian Candidate,TBD
6,739,The Last Mabelcorn,TBD
6,740,Roadside Attraction,TBD
6,741,Dipper and Mabel vs. the Future,TBD
6,742,Weirdmageddon (1),TBD
6,743,Weirdmageddon (2): Escape from Reality,TBD
6,744,Weirdmageddon (3): Take Back the Falls ,TBD
7,745,Yesterday's Jam,TBD
7,746,Calamity Jen,TBD
7,747,Fifty-Fifty,TBD
7,748,The Red Door,TBD
7,749,The Haunting of Bill Crouse,TBD
7,750,Aunt Irma Visits,TBD
7,751,The Work Outing,TBD
7,752,Return of the Golden Child,TBD
7,753,Moss and the German,TBD
7,754,The Dinner Party,TBD
7,755,Smoke and Mirrors,TBD
7,756,Men Without Women,TBD
7,757,From Hell,TBD
7,758,Are We Not Men?,TBD
7,759,Tramps Like Us,TBD
7,760,The Speech,TBD
7,761,Friendface,TBD
7,762,Calendar Geeks,TBD
7,763,Jen the Fredo,TBD
7,764,The Final Countdown,TBD
7,765,Something Happened,TBD
7,766,Italian for Beginners,TBD
7,767,Bad Boys,TBD
7,768,Reynholm vs Reynholm,TBD
8,769,Latchkeepers,TBD
8,770,Sacred Cow,TBD
8,771,One of Those Faces,TBD
8,772,Sins of the Mother,TBD
8,773,Chapter One: The Vanishing of Will Byers,TBD
8,774,Chapter Two: The Weirdo on Maple Street,TBD
8,775,Chapter Four: The Body,TBD
8,776,"Chapter Three: Holly, Jolly",TBD
8,777,Chapter Five: The Flea and the Acrobat,TBD
8,778,Chapter Six: The Monster,TBD
8,779,Chapter Seven: The Bathtub,TBD
8,780,Chapter Eight: The Upside Down,TBD
8,781,Chapter One: MADMAX,TBD
8,782,"Chapter Two: Trick or Treat, Freak",TBD
8,783,Chapter Three: The Pollywog,TBD
8,784,Chapter Four: Will the Wise,TBD
8,785,Chapter Five: Dig Dug,TBD
8,786,Chapter Six: The Spy,TBD
8,787,Chapter Seven: The Lost Sister,TBD
8,788,Chapter Eight: The Mind Flayer,TBD
8,789,Chapter Nine: The Gate,TBD
8,790,"Chapter One: Suzie, Do You Copy?",TBD
8,791,Chapter Two: The Mall Rats,TBD
8,792,Chapter Three: The Case of the Missing Lifeguard,TBD
8,793,Chapter Four: The Sauna Test,TBD
8,794,Chapter Five: The Flayed,TBD
8,795,Chapter Six: E Pluribus Unum,TBD
8,796,Chapter Seven: The Bite,TBD
8,797,Chapter Eight: The Battle of Starcourt,TBD
9,798,Welcome to Republic City,TBD
9,799,A Leaf in the Wind,TBD
9,800,The Revelation,TBD
9,801,The Voice in the Night,TBD
9,802,The Spirit of Competition,TBD
9,803,And the Winner is...,TBD
9,804,The Aftermath,TBD
9,805,When Extremes Meet,TBD
9,806,Out of the Past,TBD
9,807,Turning the Tides,TBD
9,808,Skeletons in the Closet,TBD
9,809,Endgame,TBD
9,810,Rebel Spirit,TBD
9,811,The Southern Lights,TBD
9,812,Civil Wars (1),TBD
9,813,Civil Wars (2),TBD
9,814,Peacekeepers,TBD
9,815,The Sting,TBD
9,816,Beginnings (1),TBD
9,817,Beginnings (2),TBD
9,818,The Guide,TBD
9,819,A New Spiritual Age,TBD
9,820,Night of a Thousand Stars,TBD
9,821,Harmonic Convergence,TBD
9,822,Darkness Falls,TBD
9,823,Light in the Dark,TBD
9,824,A Breath of Fresh Air,TBD
9,825,Rebirth,TBD
9,826,The Earth Queen,TBD
9,827,In Harm's Way,TBD
9,828,The Metal Clan,TBD
9,829,Old Wounds,TBD
9,830,Original Airbenders,TBD
9,831,The Terror Within,TBD
9,832,The Stakeout,TBD
9,833,Long Live the Queen,TBD
9,834,The Ultimatum,TBD
9,835,Enter the Void,TBD
9,836,Venom of the Red Lotus,TBD
9,837,After All These Years,TBD
9,838,Korra Alone,TBD
9,839,The Coronation,TBD
9,840,The Calling,TBD
9,841,Enemy at the Gates,TBD
9,842,The Battle of Zaofu,TBD
9,843,Reunion,TBD
9,844,Remembrances,TBD
9,845,Beyond the Wilds,TBD
9,846,Operation Beifong,TBD
9,847,Kuvira's Gambit,TBD
9,848,Day of the Colossus,TBD
9,849,The Last Stand,TBD
10,850,Ariel,TBD
10,851,Bushwhacked,TBD
10,852,Heart of Gold,TBD
10,853,Jaynestown,TBD
10,854,Objects in Space,TBD
10,855,Our Mrs. Reynolds,TBD
10,856,Out of Gas,TBD
10,857,Safe,TBD
10,858,Serenity,TBD
10,859,Shindig,TBD
10,860,The Message,TBD
10,861,The Train Job,TBD
10,862,Trash,TBD
10,863,War Stories,TBD